year,usa,cameron,
2015,7.119,4.252,
2016,7.104,4.513,
2017,6.993000031,4.695000172